<?xml version="1.0" encoding="UTF-8"?>
<project-private xmlns="http://www.netbeans.org/ns/project-private/1">
    <editor-bookmarks xmlns="http://www.netbeans.org/ns/editor-bookmarks/2" lastBookmarkId="0"/>
    <open-files xmlns="http://www.netbeans.org/ns/projectui-open-files/2">
        <group>
            <file>file:/C:/Users/jaisw/Documents/NetBeansProjects/MessageServer/src/client/ClientScreen.java</file>
            <file>file:/C:/Users/jaisw/Documents/NetBeansProjects/MessageServer/src/utils/Utils.java</file>
            <file>file:/C:/Users/jaisw/Documents/NetBeansProjects/MessageServer/src/server/ServerScreen.java</file>
            <file>file:/C:/Users/jaisw/Documents/NetBeansProjects/MessageServer/src/utils/Constants.java</file>
        </group>
    </open-files>
</project-private>
